FileName;FunctionName;NumAllocaInvocations;NumEscapingAllocaInvocations;NumDynamicallySizedAllocaInvocations;NumDynamicallySizedEscapingAllocaInvocations;TotalStaticallyAllocatedStackMemory;TotalStaticallyAllocatedEscapingStackMemory
llvm-link;caml_init_stack;0;0;0;0;0;0
llvm-link;llvm.dbg.value;0;0;0;0;0;0
llvm-link;caml_realloc_stack;0;0;0;0;0;0
llvm-link;llvm.memmove.p0i8.p0i8.i64;0;0;0;0;0;0
llvm-link;caml_ensure_stack_capacity;0;0;0;0;0;0
llvm-link;caml_change_max_stack_size;0;0;0;0;0;0
llvm-link;caml_stack_usage;0;0;0;0;0;0
llvm-link;caml_page_table_lookup;0;0;0;0;0;0
llvm-link;caml_page_table_initialize;0;0;0;0;0;0
llvm-link;llvm.umul.with.overflow.i64;0;0;0;0;0;0
llvm-link;malloc;0;0;0;0;0;0
llvm-link;llvm.memset.p0i8.i64;0;0;0;0;0;0
llvm-link;caml_stat_calloc_noexc;0;0;0;0;0;0
llvm-link;caml_page_table_add;0;0;0;0;0;0
llvm-link;caml_page_table_modify;0;0;0;0;0;0
llvm-link;free;0;0;0;0;0;0
llvm-link;caml_page_table_remove;0;0;0;0;0;0
llvm-link;caml_alloc_for_heap;0;0;0;0;0;0
llvm-link;mmap64;0;0;0;0;0;0
llvm-link;caml_stat_alloc_aligned_noexc;0;0;0;0;0;0
llvm-link;caml_free_for_heap;0;0;0;0;0;0
llvm-link;munmap;0;0;0;0;0;0
llvm-link;caml_stat_free;0;0;0;0;0;0
llvm-link;caml_add_to_heap;0;0;0;0;0;0
llvm-link;caml_shrink_heap;0;0;0;0;0;0
llvm-link;caml_allocation_color;0;0;0;0;0;0
llvm-link;caml_alloc_shr_with_profinfo;0;0;0;0;0;0
llvm-link;caml_alloc_shr_aux;0;0;0;0;0;0
llvm-link;caml_alloc_shr_for_minor_gc;0;0;0;0;0;0
llvm-link;caml_alloc_shr;0;0;0;0;0;0
llvm-link;caml_alloc_shr_no_track_noexc;0;0;0;0;0;0
llvm-link;caml_alloc_dependent_memory;0;0;0;0;0;0
llvm-link;caml_free_dependent_memory;0;0;0;0;0;0
llvm-link;llvm.usub.sat.i64;0;0;0;0;0;0
llvm-link;caml_adjust_gc_speed;0;0;0;0;0;0
llvm-link;caml_initialize;0;0;0;0;0;0
llvm-link;caml_modify;0;0;0;0;0;0
llvm-link;caml_stat_create_pool;0;0;0;0;0;0
llvm-link;caml_stat_destroy_pool;0;0;0;0;0;0
llvm-link;caml_stat_alloc_noexc;0;0;0;0;0;0
llvm-link;caml_stat_alloc_aligned;0;0;0;0;0;0
llvm-link;caml_stat_alloc;0;0;0;0;0;0
llvm-link;caml_stat_resize_noexc;0;0;0;0;0;0
llvm-link;realloc;0;0;0;0;0;0
llvm-link;caml_stat_resize;0;0;0;0;0;0
llvm-link;caml_stat_strdup_noexc;0;0;0;0;0;0
llvm-link;strlen;0;0;0;0;0;0
llvm-link;llvm.memcpy.p0i8.p0i8.i64;0;0;0;0;0;0
llvm-link;caml_stat_strdup;0;0;0;0;0;0
llvm-link;caml_stat_strconcat;1;1;0;0;24;24
llvm-link;llvm.lifetime.start.p0i8;0;0;0;0;0;0
llvm-link;llvm.dbg.declare;0;0;0;0;0;0
llvm-link;llvm.va_start;0;0;0;0;0;0
llvm-link;llvm.va_end;0;0;0;0;0;0
llvm-link;llvm.lifetime.end.p0i8;0;0;0;0;0;0
llvm-link;caml_alloc;0;0;0;0;0;0
llvm-link;caml_alloc_small;0;0;0;0;0;0
llvm-link;caml_alloc_tuple;0;0;0;0;0;0
llvm-link;caml_alloc_string;0;0;0;0;0;0
llvm-link;caml_alloc_initialized_string;0;0;0;0;0;0
llvm-link;caml_alloc_final;0;0;0;0;0;0
llvm-link;caml_copy_string;0;0;0;0;0;0
llvm-link;caml_alloc_array;3;3;0;0;80;80
llvm-link;caml_alloc_float_array;0;0;0;0;0;0
llvm-link;caml_copy_string_array;3;3;0;0;80;80
llvm-link;caml_convert_flag_list;0;0;0;0;0;0
llvm-link;caml_alloc_dummy;0;0;0;0;0;0
llvm-link;caml_alloc_dummy_function;0;0;0;0;0;0
llvm-link;caml_alloc_dummy_float;0;0;0;0;0;0
llvm-link;caml_alloc_dummy_infix;0;0;0;0;0;0
llvm-link;caml_update_dummy;0;0;0;0;0;0
llvm-link;caml_alloc_some;2;2;0;0;72;72
llvm-link;caml_raise;0;0;0;0;0;0
llvm-link;siglongjmp;0;0;0;0;0;0
llvm-link;caml_raise_constant;0;0;0;0;0;0
llvm-link;caml_raise_with_arg;5;5;0;0;152;152
llvm-link;caml_raise_with_args;3;3;0;0;136;136
llvm-link;caml_raise_with_string;2;2;0;0;72;72
llvm-link;caml_failwith;0;0;0;0;0;0
llvm-link;caml_get_failwith_tag;0;0;0;0;0;0
llvm-link;fprintf;0;0;0;0;0;0
llvm-link;exit;0;0;0;0;0;0
llvm-link;caml_failwith_value;2;2;0;0;72;72
llvm-link;caml_invalid_argument;0;0;0;0;0;0
llvm-link;caml_get_invalid_argument_tag;0;0;0;0;0;0
llvm-link;caml_invalid_argument_value;2;2;0;0;72;72
llvm-link;caml_array_bound_error;0;0;0;0;0;0
llvm-link;caml_raise_out_of_memory;0;0;0;0;0;0
llvm-link;check_global_data;0;0;0;0;0;0
llvm-link;caml_raise_stack_overflow;0;0;0;0;0;0
llvm-link;caml_raise_sys_error;0;0;0;0;0;0
llvm-link;check_global_data_param;0;0;0;0;0;0
llvm-link;caml_raise_end_of_file;0;0;0;0;0;0
llvm-link;caml_raise_zero_divide;0;0;0;0;0;0
llvm-link;caml_raise_not_found;0;0;0;0;0;0
llvm-link;caml_raise_sys_blocked_io;0;0;0;0;0;0
llvm-link;caml_raise_if_exception;0;0;0;0;0;0
llvm-link;caml_is_special_exception;0;0;0;0;0;0
llvm-link;sigprocmask_wrapper;0;0;0;0;0;0
llvm-link;sigprocmask;0;0;0;0;0;0
llvm-link;__errno_location;0;0;0;0;0;0
llvm-link;caml_enter_blocking_section_default;0;0;0;0;0;0
llvm-link;caml_leave_blocking_section_default;0;0;0;0;0;0
llvm-link;caml_process_pending_signals_exn;1;1;0;0;128;128
llvm-link;sigismember;0;0;0;0;0;0
llvm-link;caml_execute_signal_exn;2;2;0;0;256;256
llvm-link;sigemptyset;0;0;0;0;0;0
llvm-link;sigaddset;0;0;0;0;0;0
llvm-link;sigdelset;0;0;0;0;0;0
llvm-link;caml_set_action_pending;0;0;0;0;0;0
llvm-link;caml_record_signal;0;0;0;0;0;0
llvm-link;caml_enter_blocking_section;1;1;0;0;128;128
llvm-link;caml_enter_blocking_section_no_pending;0;0;0;0;0;0
llvm-link;caml_leave_blocking_section;0;0;0;0;0;0
llvm-link;caml_rev_convert_signal_number;0;0;0;0;0;0
llvm-link;caml_update_young_limit;0;0;0;0;0;0
llvm-link;caml_request_major_slice;0;0;0;0;0;0
llvm-link;caml_request_minor_gc;0;0;0;0;0;0
llvm-link;caml_do_pending_actions_exn;1;1;0;0;128;128
llvm-link;llvm.dbg.label;0;0;0;0;0;0
llvm-link;caml_check_pending_actions;0;0;0;0;0;0
llvm-link;caml_process_pending_actions_with_root_exn;2;2;0;0;72;72
llvm-link;caml_process_pending_actions_with_root;2;2;0;0;72;72
llvm-link;caml_process_pending_actions_exn;2;2;0;0;72;72
llvm-link;caml_process_pending_actions;2;2;0;0;72;72
llvm-link;caml_convert_signal_number;0;0;0;0;0;0
llvm-link;caml_install_signal_handler;6;6;0;0;280;280
llvm-link;caml_set_signal_action;2;2;0;0;304;304
llvm-link;handle_signal;0;0;0;0;0;0
llvm-link;sigaction;0;0;0;0;0;0
llvm-link;caml_setup_stack_overflow_detection;0;0;0;0;0;0
llvm-link;caml_format_exception;2;1;0;0;336;272
llvm-link;snprintf;0;0;0;0;0;0
llvm-link;caml_fatal_uncaught_exception;0;0;0;0;0;0
llvm-link;abort;0;0;0;0;0;0
llvm-link;caml_init_backtrace;0;0;0;0;0;0
llvm-link;caml_record_backtrace;0;0;0;0;0;0
llvm-link;caml_backtrace_status;0;0;0;0;0;0
llvm-link;caml_print_exception_backtrace;1;0;0;0;40;0
llvm-link;fwrite;0;0;0;0;0;0
llvm-link;caml_ml_debug_info_status;0;0;0;0;0;0
llvm-link;caml_get_exception_raw_backtrace;2;2;0;0;72;72
llvm-link;caml_restore_raw_backtrace;0;0;0;0;0;0
llvm-link;caml_convert_raw_backtrace_slot;0;0;0;0;0;0
llvm-link;caml_convert_debuginfo;5;4;0;0;128;88
llvm-link;caml_convert_raw_backtrace;4;4;0;0;144;144
llvm-link;caml_raw_backtrace_length;0;0;0;0;0;0
llvm-link;caml_raw_backtrace_slot;0;0;0;0;0;0
llvm-link;caml_raw_backtrace_next_slot;4;4;0;0;144;144
llvm-link;caml_get_exception_backtrace;6;6;0;0;160;160
llvm-link;caml_get_current_callstack;6;4;0;0;160;144
llvm-link;caml_compare;0;0;0;0;0;0
llvm-link;compare_val;1;1;0;0;208;208
llvm-link;memcmp;0;0;0;0;0;0
llvm-link;compare_free_stack;0;0;0;0;0;0
llvm-link;strcmp;0;0;0;0;0;0
llvm-link;compare_stack_overflow;0;0;0;0;0;0
llvm-link;caml_equal;0;0;0;0;0;0
llvm-link;caml_notequal;0;0;0;0;0;0
llvm-link;caml_lessthan;0;0;0;0;0;0
llvm-link;caml_lessequal;0;0;0;0;0;0
llvm-link;caml_greaterthan;0;0;0;0;0;0
llvm-link;caml_greaterequal;0;0;0;0;0;0
llvm-link;int32_cmp;0;0;0;0;0;0
llvm-link;int32_hash;0;0;0;0;0;0
llvm-link;int32_serialize;0;0;0;0;0;0
llvm-link;int32_deserialize;0;0;0;0;0;0
llvm-link;int64_cmp;0;0;0;0;0;0
llvm-link;int64_hash;0;0;0;0;0;0
llvm-link;int64_serialize;0;0;0;0;0;0
llvm-link;int64_deserialize;0;0;0;0;0;0
llvm-link;nativeint_cmp;0;0;0;0;0;0
llvm-link;nativeint_hash;0;0;0;0;0;0
llvm-link;nativeint_serialize;0;0;0;0;0;0
llvm-link;nativeint_deserialize;0;0;0;0;0;0
llvm-link;caml_bswap16_direct;0;0;0;0;0;0
llvm-link;caml_bswap16;0;0;0;0;0;0
llvm-link;caml_int_compare;0;0;0;0;0;0
llvm-link;caml_int_of_string;0;0;0;0;0;0
llvm-link;parse_intnat;3;0;0;0;12;0
llvm-link;parse_sign_and_base;0;0;0;0;0;0
llvm-link;caml_format_int;1;1;0;0;32;32
llvm-link;caml_copy_int32;0;0;0;0;0;0
llvm-link;caml_int32_neg;0;0;0;0;0;0
llvm-link;caml_int32_add;0;0;0;0;0;0
llvm-link;caml_int32_sub;0;0;0;0;0;0
llvm-link;caml_int32_mul;0;0;0;0;0;0
llvm-link;caml_int32_div;0;0;0;0;0;0
llvm-link;caml_int32_mod;0;0;0;0;0;0
llvm-link;caml_int32_and;0;0;0;0;0;0
llvm-link;caml_int32_or;0;0;0;0;0;0
llvm-link;caml_int32_xor;0;0;0;0;0;0
llvm-link;caml_int32_shift_left;0;0;0;0;0;0
llvm-link;caml_int32_shift_right;0;0;0;0;0;0
llvm-link;caml_int32_shift_right_unsigned;0;0;0;0;0;0
llvm-link;caml_int32_direct_bswap;0;0;0;0;0;0
llvm-link;llvm.bswap.i32;0;0;0;0;0;0
llvm-link;caml_int32_bswap;0;0;0;0;0;0
llvm-link;caml_int32_of_int;0;0;0;0;0;0
llvm-link;caml_int32_to_int;0;0;0;0;0;0
llvm-link;caml_int32_of_float_unboxed;0;0;0;0;0;0
llvm-link;caml_int32_of_float;0;0;0;0;0;0
llvm-link;caml_int32_to_float_unboxed;0;0;0;0;0;0
llvm-link;caml_int32_to_float;0;0;0;0;0;0
llvm-link;caml_int32_compare_unboxed;0;0;0;0;0;0
llvm-link;caml_int32_compare;0;0;0;0;0;0
llvm-link;caml_int32_format;1;1;0;0;32;32
llvm-link;caml_int32_of_string;0;0;0;0;0;0
llvm-link;caml_int32_bits_of_float_unboxed;0;0;0;0;0;0
llvm-link;caml_int32_float_of_bits_unboxed;0;0;0;0;0;0
llvm-link;caml_int32_bits_of_float;0;0;0;0;0;0
llvm-link;caml_int32_float_of_bits;0;0;0;0;0;0
llvm-link;caml_copy_int64;0;0;0;0;0;0
llvm-link;caml_int64_neg;0;0;0;0;0;0
llvm-link;caml_int64_neg_native;0;0;0;0;0;0
llvm-link;caml_int64_add;0;0;0;0;0;0
llvm-link;caml_int64_add_native;0;0;0;0;0;0
llvm-link;caml_int64_sub;0;0;0;0;0;0
llvm-link;caml_int64_sub_native;0;0;0;0;0;0
llvm-link;caml_int64_mul;0;0;0;0;0;0
llvm-link;caml_int64_mul_native;0;0;0;0;0;0
llvm-link;caml_int64_div;0;0;0;0;0;0
llvm-link;caml_int64_div_native;0;0;0;0;0;0
llvm-link;caml_int64_mod;0;0;0;0;0;0
llvm-link;caml_int64_mod_native;0;0;0;0;0;0
llvm-link;caml_int64_and;0;0;0;0;0;0
llvm-link;caml_int64_and_native;0;0;0;0;0;0
llvm-link;caml_int64_or;0;0;0;0;0;0
llvm-link;caml_int64_or_native;0;0;0;0;0;0
llvm-link;caml_int64_xor;0;0;0;0;0;0
llvm-link;caml_int64_xor_native;0;0;0;0;0;0
llvm-link;caml_int64_shift_left;0;0;0;0;0;0
llvm-link;caml_int64_shift_right;0;0;0;0;0;0
llvm-link;caml_int64_shift_right_unsigned;0;0;0;0;0;0
llvm-link;caml_int64_direct_bswap;0;0;0;0;0;0
llvm-link;llvm.bswap.i64;0;0;0;0;0;0
llvm-link;caml_int64_bswap;0;0;0;0;0;0
llvm-link;caml_int64_of_int;0;0;0;0;0;0
llvm-link;caml_int64_to_int;0;0;0;0;0;0
llvm-link;caml_int64_of_float_unboxed;0;0;0;0;0;0
llvm-link;caml_int64_of_float;0;0;0;0;0;0
llvm-link;caml_int64_to_float_unboxed;0;0;0;0;0;0
llvm-link;caml_int64_to_float;0;0;0;0;0;0
llvm-link;caml_int64_of_int32;0;0;0;0;0;0
llvm-link;caml_int64_to_int32;0;0;0;0;0;0
llvm-link;caml_int64_of_nativeint;0;0;0;0;0;0
llvm-link;caml_int64_to_nativeint;0;0;0;0;0;0
llvm-link;caml_copy_nativeint;0;0;0;0;0;0
llvm-link;caml_int64_compare_unboxed;0;0;0;0;0;0
llvm-link;caml_int64_compare;0;0;0;0;0;0
llvm-link;caml_int64_format;1;1;0;0;32;32
llvm-link;caml_int64_of_string;3;0;0;0;12;0
llvm-link;caml_int64_bits_of_float_unboxed;0;0;0;0;0;0
llvm-link;caml_int64_float_of_bits_unboxed;0;0;0;0;0;0
llvm-link;caml_int64_bits_of_float;0;0;0;0;0;0
llvm-link;caml_int64_float_of_bits;0;0;0;0;0;0
llvm-link;caml_nativeint_neg;0;0;0;0;0;0
llvm-link;caml_nativeint_add;0;0;0;0;0;0
llvm-link;caml_nativeint_sub;0;0;0;0;0;0
llvm-link;caml_nativeint_mul;0;0;0;0;0;0
llvm-link;caml_nativeint_div;0;0;0;0;0;0
llvm-link;caml_nativeint_mod;0;0;0;0;0;0
llvm-link;caml_nativeint_and;0;0;0;0;0;0
llvm-link;caml_nativeint_or;0;0;0;0;0;0
llvm-link;caml_nativeint_xor;0;0;0;0;0;0
llvm-link;caml_nativeint_shift_left;0;0;0;0;0;0
llvm-link;caml_nativeint_shift_right;0;0;0;0;0;0
llvm-link;caml_nativeint_shift_right_unsigned;0;0;0;0;0;0
llvm-link;caml_nativeint_direct_bswap;0;0;0;0;0;0
llvm-link;caml_nativeint_bswap;0;0;0;0;0;0
llvm-link;caml_nativeint_of_int;0;0;0;0;0;0
llvm-link;caml_nativeint_to_int;0;0;0;0;0;0
llvm-link;caml_nativeint_of_float_unboxed;0;0;0;0;0;0
llvm-link;caml_nativeint_of_float;0;0;0;0;0;0
llvm-link;caml_nativeint_to_float_unboxed;0;0;0;0;0;0
llvm-link;caml_nativeint_to_float;0;0;0;0;0;0
llvm-link;caml_nativeint_of_int32;0;0;0;0;0;0
llvm-link;caml_nativeint_to_int32;0;0;0;0;0;0
llvm-link;caml_nativeint_compare_unboxed;0;0;0;0;0;0
llvm-link;caml_nativeint_compare;0;0;0;0;0;0
llvm-link;caml_nativeint_format;1;1;0;0;32;32
llvm-link;caml_nativeint_of_string;0;0;0;0;0;0
llvm-link;caml_eventlog_resume;0;0;0;0;0;0
llvm-link;caml_eventlog_pause;0;0;0;0;0;0
llvm-link;caml_init_locale;0;0;0;0;0;0
llvm-link;newlocale;0;0;0;0;0;0
llvm-link;caml_free_locale;0;0;0;0;0;0
llvm-link;freelocale;0;0;0;0;0;0
llvm-link;caml_copy_double;0;0;0;0;0;0
llvm-link;caml_format_float;0;0;0;0;0;0
llvm-link;uselocale;0;0;0;0;0;0
llvm-link;caml_hexstring_of_float;1;1;0;0;64;64
llvm-link;caml_float_of_string;3;2;0;0;80;72
llvm-link;strtol;0;0;0;0;0;0
llvm-link;ldexp;0;0;0;0;0;0
llvm-link;strtod_l;0;0;0;0;0;0
llvm-link;caml_int_of_float;0;0;0;0;0;0
llvm-link;caml_float_of_int;0;0;0;0;0;0
llvm-link;caml_neg_float;0;0;0;0;0;0
llvm-link;caml_abs_float;0;0;0;0;0;0
llvm-link;llvm.fabs.f64;0;0;0;0;0;0
llvm-link;caml_add_float;0;0;0;0;0;0
llvm-link;caml_sub_float;0;0;0;0;0;0
llvm-link;caml_mul_float;0;0;0;0;0;0
llvm-link;caml_div_float;0;0;0;0;0;0
llvm-link;caml_exp_float;0;0;0;0;0;0
llvm-link;exp;0;0;0;0;0;0
llvm-link;caml_trunc;0;0;0;0;0;0
llvm-link;llvm.trunc.f64;0;0;0;0;0;0
llvm-link;caml_trunc_float;0;0;0;0;0;0
llvm-link;caml_round;0;0;0;0;0;0
llvm-link;llvm.round.f64;0;0;0;0;0;0
llvm-link;caml_round_float;0;0;0;0;0;0
llvm-link;caml_floor_float;0;0;0;0;0;0
llvm-link;llvm.floor.f64;0;0;0;0;0;0
llvm-link;caml_nextafter;0;0;0;0;0;0
llvm-link;nextafter;0;0;0;0;0;0
llvm-link;caml_nextafter_float;0;0;0;0;0;0
llvm-link;caml_fma;0;0;0;0;0;0
llvm-link;llvm.fma.f64;0;0;0;0;0;0
llvm-link;caml_fma_float;0;0;0;0;0;0
llvm-link;caml_fmod_float;0;0;0;0;0;0
llvm-link;fmod;0;0;0;0;0;0
llvm-link;caml_frexp_float;6;5;0;0;156;152
llvm-link;frexp;0;0;0;0;0;0
llvm-link;caml_ldexp_float_unboxed;0;0;0;0;0;0
llvm-link;caml_ldexp_float;0;0;0;0;0;0
llvm-link;caml_log_float;0;0;0;0;0;0
llvm-link;log;0;0;0;0;0;0
llvm-link;caml_log10_float;0;0;0;0;0;0
llvm-link;log10;0;0;0;0;0;0
llvm-link;caml_modf_float;7;6;0;0;168;160
llvm-link;modf;0;0;0;0;0;0
llvm-link;caml_sqrt_float;0;0;0;0;0;0
llvm-link;sqrt;0;0;0;0;0;0
llvm-link;caml_power_float;0;0;0;0;0;0
llvm-link;pow;0;0;0;0;0;0
llvm-link;caml_sin_float;0;0;0;0;0;0
llvm-link;sin;0;0;0;0;0;0
llvm-link;caml_sinh_float;0;0;0;0;0;0
llvm-link;sinh;0;0;0;0;0;0
llvm-link;caml_cos_float;0;0;0;0;0;0
llvm-link;cos;0;0;0;0;0;0
llvm-link;caml_cosh_float;0;0;0;0;0;0
llvm-link;cosh;0;0;0;0;0;0
llvm-link;caml_tan_float;0;0;0;0;0;0
llvm-link;tan;0;0;0;0;0;0
llvm-link;caml_tanh_float;0;0;0;0;0;0
llvm-link;tanh;0;0;0;0;0;0
llvm-link;caml_asin_float;0;0;0;0;0;0
llvm-link;asin;0;0;0;0;0;0
llvm-link;caml_acos_float;0;0;0;0;0;0
llvm-link;acos;0;0;0;0;0;0
llvm-link;caml_atan_float;0;0;0;0;0;0
llvm-link;atan;0;0;0;0;0;0
llvm-link;caml_atan2_float;0;0;0;0;0;0
llvm-link;atan2;0;0;0;0;0;0
llvm-link;caml_ceil_float;0;0;0;0;0;0
llvm-link;llvm.ceil.f64;0;0;0;0;0;0
llvm-link;caml_hypot;0;0;0;0;0;0
llvm-link;hypot;0;0;0;0;0;0
llvm-link;caml_hypot_float;0;0;0;0;0;0
llvm-link;caml_expm1;0;0;0;0;0;0
llvm-link;expm1;0;0;0;0;0;0
llvm-link;caml_log1p;0;0;0;0;0;0
llvm-link;log1p;0;0;0;0;0;0
llvm-link;caml_expm1_float;0;0;0;0;0;0
llvm-link;caml_log1p_float;0;0;0;0;0;0
llvm-link;caml_copysign;0;0;0;0;0;0
llvm-link;llvm.copysign.f64;0;0;0;0;0;0
llvm-link;caml_copysign_float;0;0;0;0;0;0
llvm-link;caml_signbit;0;0;0;0;0;0
llvm-link;caml_signbit_float;0;0;0;0;0;0
llvm-link;caml_neq_float;0;0;0;0;0;0
llvm-link;caml_float_compare_unboxed;0;0;0;0;0;0
llvm-link;caml_eq_float;0;0;0;0;0;0
llvm-link;caml_le_float;0;0;0;0;0;0
llvm-link;caml_lt_float;0;0;0;0;0;0
llvm-link;caml_ge_float;0;0;0;0;0;0
llvm-link;caml_gt_float;0;0;0;0;0;0
llvm-link;caml_float_compare;0;0;0;0;0;0
llvm-link;caml_classify_float_unboxed;0;0;0;0;0;0
llvm-link;caml_classify_float;0;0;0;0;0;0
llvm-link;caml_string_length;0;0;0;0;0;0
llvm-link;caml_ml_string_length;0;0;0;0;0;0
llvm-link;caml_ml_bytes_length;0;0;0;0;0;0
llvm-link;caml_string_is_c_safe;0;0;0;0;0;0
llvm-link;caml_create_string;0;0;0;0;0;0
llvm-link;caml_create_bytes;0;0;0;0;0;0
llvm-link;caml_string_get;0;0;0;0;0;0
llvm-link;caml_bytes_get;0;0;0;0;0;0
llvm-link;caml_bytes_set;0;0;0;0;0;0
llvm-link;caml_string_set;0;0;0;0;0;0
llvm-link;caml_string_get16;0;0;0;0;0;0
llvm-link;caml_bytes_get16;0;0;0;0;0;0
llvm-link;caml_string_get32;0;0;0;0;0;0
llvm-link;caml_bytes_get32;0;0;0;0;0;0
llvm-link;caml_string_get64;0;0;0;0;0;0
llvm-link;caml_bytes_get64;0;0;0;0;0;0
llvm-link;caml_bytes_set16;0;0;0;0;0;0
llvm-link;caml_bytes_set32;0;0;0;0;0;0
llvm-link;caml_bytes_set64;0;0;0;0;0;0
llvm-link;caml_string_equal;0;0;0;0;0;0
llvm-link;caml_bytes_equal;0;0;0;0;0;0
llvm-link;caml_string_notequal;0;0;0;0;0;0
llvm-link;caml_bytes_notequal;0;0;0;0;0;0
llvm-link;caml_string_compare;0;0;0;0;0;0
llvm-link;caml_bytes_compare;0;0;0;0;0;0
llvm-link;caml_string_lessthan;0;0;0;0;0;0
llvm-link;caml_bytes_lessthan;0;0;0;0;0;0
llvm-link;caml_string_lessequal;0;0;0;0;0;0
llvm-link;caml_bytes_lessequal;0;0;0;0;0;0
llvm-link;caml_string_greaterthan;0;0;0;0;0;0
llvm-link;caml_bytes_greaterthan;0;0;0;0;0;0
llvm-link;caml_string_greaterequal;0;0;0;0;0;0
llvm-link;caml_bytes_greaterequal;0;0;0;0;0;0
llvm-link;caml_blit_bytes;0;0;0;0;0;0
llvm-link;caml_blit_string;0;0;0;0;0;0
llvm-link;caml_fill_bytes;0;0;0;0;0;0
llvm-link;caml_fill_string;0;0;0;0;0;0
llvm-link;caml_alloc_sprintf;2;1;0;0;152;24
llvm-link;vsnprintf;0;0;0;0;0;0
llvm-link;caml_string_of_bytes;0;0;0;0;0;0
llvm-link;caml_bytes_of_string;0;0;0;0;0;0
llvm-link;caml_array_length;0;0;0;0;0;0
llvm-link;caml_is_double_array;0;0;0;0;0;0
llvm-link;caml_array_get_addr;0;0;0;0;0;0
llvm-link;caml_floatarray_get;0;0;0;0;0;0
llvm-link;caml_array_get;0;0;0;0;0;0
llvm-link;caml_array_set_addr;0;0;0;0;0;0
llvm-link;caml_floatarray_set;0;0;0;0;0;0
llvm-link;caml_array_set;0;0;0;0;0;0
llvm-link;caml_floatarray_unsafe_get;0;0;0;0;0;0
llvm-link;caml_array_unsafe_get;0;0;0;0;0;0
llvm-link;caml_floatarray_unsafe_set;0;0;0;0;0;0
llvm-link;caml_array_unsafe_set;0;0;0;0;0;0
llvm-link;caml_floatarray_create;0;0;0;0;0;0
llvm-link;caml_make_vect;5;5;0;0;152;152
llvm-link;caml_make_float_vect;0;0;0;0;0;0
llvm-link;caml_make_array;5;5;0;0;152;152
llvm-link;caml_floatarray_blit;0;0;0;0;0;0
llvm-link;caml_array_blit;0;0;0;0;0;0
llvm-link;caml_array_sub;3;1;0;0;24;8
llvm-link;caml_array_gather;1;1;0;0;64;64
llvm-link;caml_array_append;3;1;0;0;48;16
llvm-link;caml_array_concat;3;3;0;0;384;384
llvm-link;caml_array_fill;0;0;0;0;0;0
llvm-link;caml_open_descriptor_in;0;0;0;0;0;0
llvm-link;lseek64;0;0;0;0;0;0
llvm-link;caml_open_descriptor_out;0;0;0;0;0;0
llvm-link;caml_close_channel;0;0;0;0;0;0
llvm-link;close;0;0;0;0;0;0
llvm-link;caml_channel_size;0;0;0;0;0;0
llvm-link;caml_channel_binary_mode;0;0;0;0;0;0
llvm-link;caml_flush_partial;0;0;0;0;0;0
llvm-link;caml_flush;0;0;0;0;0;0
llvm-link;caml_putword;0;0;0;0;0;0
llvm-link;caml_putblock;0;0;0;0;0;0
llvm-link;caml_really_putblock;0;0;0;0;0;0
llvm-link;caml_seek_out;0;0;0;0;0;0
llvm-link;caml_pos_out;0;0;0;0;0;0
llvm-link;caml_do_read;0;0;0;0;0;0
llvm-link;caml_refill;0;0;0;0;0;0
llvm-link;caml_getword;0;0;0;0;0;0
llvm-link;caml_getblock;0;0;0;0;0;0
llvm-link;caml_really_getblock;0;0;0;0;0;0
llvm-link;caml_seek_in;0;0;0;0;0;0
llvm-link;caml_pos_in;0;0;0;0;0;0
llvm-link;caml_input_scan_line;0;0;0;0;0;0
llvm-link;caml_finalize_channel;0;0;0;0;0;0
llvm-link;caml_alloc_channel;0;0;0;0;0;0
llvm-link;compare_channel;0;0;0;0;0;0
llvm-link;hash_channel;0;0;0;0;0;0
llvm-link;caml_ml_open_descriptor_in;0;0;0;0;0;0
llvm-link;caml_ml_open_descriptor_out;0;0;0;0;0;0
llvm-link;caml_ml_set_channel_name;0;0;0;0;0;0
llvm-link;caml_ml_out_channels_list;4;4;0;0;88;88
llvm-link;caml_channel_descriptor;0;0;0;0;0;0
llvm-link;caml_ml_close_channel;0;0;0;0;0;0
llvm-link;caml_ml_channel_size;2;2;0;0;72;72
llvm-link;caml_ml_channel_size_64;2;2;0;0;72;72
llvm-link;caml_ml_set_binary_mode;0;0;0;0;0;0
llvm-link;caml_ml_flush;2;2;0;0;72;72
llvm-link;caml_ml_output_char;3;3;0;0;80;80
llvm-link;caml_ml_output_int;3;3;0;0;80;80
llvm-link;caml_ml_output_bytes;5;5;0;0;96;96
llvm-link;caml_ml_output;0;0;0;0;0;0
llvm-link;caml_ml_seek_out;3;3;0;0;80;80
llvm-link;caml_ml_seek_out_64;3;3;0;0;80;80
llvm-link;caml_ml_pos_out;0;0;0;0;0;0
llvm-link;caml_ml_pos_out_64;0;0;0;0;0;0
llvm-link;caml_ml_input_char;2;2;0;0;72;72
llvm-link;caml_ml_input_int;2;2;0;0;72;72
llvm-link;caml_ml_input;5;5;0;0;96;96
llvm-link;caml_ml_seek_in;3;3;0;0;80;80
llvm-link;caml_ml_seek_in_64;3;3;0;0;80;80
llvm-link;caml_ml_pos_in;0;0;0;0;0;0
llvm-link;caml_ml_pos_in_64;0;0;0;0;0;0
llvm-link;caml_ml_input_scan_line;2;2;0;0;72;72
llvm-link;caml_terminfo_rows;0;0;0;0;0;0
llvm-link;caml_output_val;2;0;0;0;36;0
llvm-link;extern_value;2;2;0;0;16;16
llvm-link;extern_failwith;0;0;0;0;0;0
llvm-link;extern_out_of_memory;0;0;0;0;0;0
llvm-link;extern_invalid_argument;0;0;0;0;0;0
llvm-link;extern_record_location;0;0;0;0;0;0
llvm-link;extern_resize_stack;0;0;0;0;0;0
llvm-link;free_extern_output;0;0;0;0;0;0
llvm-link;extern_stack_overflow;0;0;0;0;0;0
llvm-link;caml_output_value;4;4;0;0;88;88
llvm-link;caml_output_value_to_bytes;2;0;0;0;36;0
llvm-link;caml_output_value_to_string;0;0;0;0;0;0
llvm-link;caml_output_value_to_block;2;0;0;0;36;0
llvm-link;caml_output_value_to_buffer;2;0;0;0;36;0
llvm-link;caml_output_value_to_malloc;2;0;0;0;36;0
llvm-link;caml_serialize_int_1;0;0;0;0;0;0
llvm-link;caml_serialize_int_2;0;0;0;0;0;0
llvm-link;caml_serialize_int_4;0;0;0;0;0;0
llvm-link;caml_serialize_int_8;0;0;0;0;0;0
llvm-link;caml_serialize_float_4;0;0;0;0;0;0
llvm-link;caml_serialize_block_4;0;0;0;0;0;0
llvm-link;caml_serialize_float_8;0;0;0;0;0;0
llvm-link;caml_serialize_block_float_8;0;0;0;0;0;0
llvm-link;caml_serialize_block_1;0;0;0;0;0;0
llvm-link;caml_serialize_block_2;0;0;0;0;0;0
llvm-link;caml_serialize_block_8;0;0;0;0;0;0
llvm-link;caml_obj_reachable_words;0;0;0;0;0;0
llvm-link;caml_input_val;3;2;0;0;72;40
llvm-link;caml_parse_header;1;1;0;0;100;100
llvm-link;intern_alloc;0;0;0;0;0;0
llvm-link;intern_rec;1;0;0;0;16;0
llvm-link;intern_end;2;2;0;0;72;72
llvm-link;intern_cleanup;0;0;0;0;0;0
llvm-link;intern_resize_stack;0;0;0;0;0;0
llvm-link;intern_bad_code_pointer;1;1;0;0;256;256
llvm-link;intern_stack_overflow;0;0;0;0;0;0
llvm-link;intern_free_stack;0;0;0;0;0;0
llvm-link;caml_input_value;4;4;0;0;144;144
llvm-link;caml_input_val_from_bytes;5;4;0;0;176;144
llvm-link;caml_input_value_from_bytes;0;0;0;0;0;0
llvm-link;caml_input_value_from_malloc;2;1;0;0;40;8
llvm-link;caml_input_value_from_block;2;1;0;0;40;8
llvm-link;caml_marshal_data_size;0;0;0;0;0;0
llvm-link;caml_deserialize_uint_1;0;0;0;0;0;0
llvm-link;caml_deserialize_sint_1;0;0;0;0;0;0
llvm-link;caml_deserialize_uint_2;0;0;0;0;0;0
llvm-link;caml_deserialize_sint_2;0;0;0;0;0;0
llvm-link;caml_deserialize_uint_4;0;0;0;0;0;0
llvm-link;caml_deserialize_sint_4;0;0;0;0;0;0
llvm-link;caml_deserialize_uint_8;1;0;0;0;8;0
llvm-link;caml_deserialize_block_8;0;0;0;0;0;0
llvm-link;caml_deserialize_sint_8;1;0;0;0;8;0
llvm-link;caml_deserialize_float_4;1;0;0;0;4;0
llvm-link;caml_deserialize_block_4;0;0;0;0;0;0
llvm-link;caml_deserialize_float_8;0;0;0;0;0;0
llvm-link;caml_deserialize_block_float_8;0;0;0;0;0;0
llvm-link;caml_deserialize_block_1;0;0;0;0;0;0
llvm-link;caml_deserialize_block_2;0;0;0;0;0;0
llvm-link;caml_deserialize_error;0;0;0;0;0;0
llvm-link;caml_hash_mix_uint32;0;0;0;0;0;0
llvm-link;caml_hash_mix_intnat;0;0;0;0;0;0
llvm-link;caml_hash_mix_int64;0;0;0;0;0;0
llvm-link;caml_hash_mix_double;0;0;0;0;0;0
llvm-link;caml_hash_mix_float;0;0;0;0;0;0
llvm-link;caml_hash_mix_string;0;0;0;0;0;0
llvm-link;caml_hash;1;1;0;0;2048;2048
llvm-link;caml_hash_variant;0;0;0;0;0;0
llvm-link;caml_sys_error;4;4;0;0;144;144
llvm-link;strerror;0;0;0;0;0;0
llvm-link;caml_sys_io_error;0;0;0;0;0;0
llvm-link;caml_sys_exit;0;0;0;0;0;0
llvm-link;caml_sys_open;4;4;0;0;88;88
llvm-link;open64;0;0;0;0;0;0
llvm-link;caml_sys_close;0;0;0;0;0;0
llvm-link;caml_sys_file_exists;1;1;0;0;144;144
llvm-link;__xstat64;0;0;0;0;0;0
llvm-link;caml_sys_is_directory;3;3;0;0;216;216
llvm-link;caml_sys_remove;2;2;0;0;72;72
llvm-link;unlink;0;0;0;0;0;0
llvm-link;caml_sys_rename;0;0;0;0;0;0
llvm-link;rename;0;0;0;0;0;0
llvm-link;caml_sys_chdir;2;2;0;0;72;72
llvm-link;chdir;0;0;0;0;0;0
llvm-link;caml_sys_mkdir;3;3;0;0;80;80
llvm-link;mkdir;0;0;0;0;0;0
llvm-link;caml_sys_rmdir;2;2;0;0;72;72
llvm-link;rmdir;0;0;0;0;0;0
llvm-link;caml_sys_getcwd;1;1;0;0;4096;4096
llvm-link;getcwd;0;0;0;0;0;0
llvm-link;caml_sys_unsafe_getenv;0;0;0;0;0;0
llvm-link;getenv;0;0;0;0;0;0
llvm-link;caml_sys_getenv;0;0;0;0;0;0
llvm-link;caml_sys_get_argv;3;3;0;0;80;80
llvm-link;caml_sys_argv;0;0;0;0;0;0
llvm-link;caml_sys_modify_argv;0;0;0;0;0;0
llvm-link;caml_sys_executable_name;0;0;0;0;0;0
llvm-link;caml_sys_init;0;0;0;0;0;0
llvm-link;caml_sys_system_command;2;2;0;0;72;72
llvm-link;system;0;0;0;0;0;0
llvm-link;caml_sys_time_include_children_unboxed;1;1;0;0;144;144
llvm-link;getrusage;0;0;0;0;0;0
llvm-link;caml_sys_time_include_children;1;1;0;0;144;144
llvm-link;caml_sys_time_unboxed;1;1;0;0;144;144
llvm-link;caml_sys_time;1;1;0;0;144;144
llvm-link;caml_sys_random_seed;3;1;0;0;156;128
llvm-link;read;0;0;0;0;0;0
llvm-link;gettimeofday;0;0;0;0;0;0
llvm-link;getpid;0;0;0;0;0;0
llvm-link;getppid;0;0;0;0;0;0
llvm-link;caml_sys_const_big_endian;0;0;0;0;0;0
llvm-link;caml_sys_const_word_size;0;0;0;0;0;0
llvm-link;caml_sys_const_int_size;0;0;0;0;0;0
llvm-link;caml_sys_const_max_wosize;0;0;0;0;0;0
llvm-link;caml_sys_const_ostype_unix;0;0;0;0;0;0
llvm-link;caml_sys_const_ostype_win32;0;0;0;0;0;0
llvm-link;caml_sys_const_ostype_cygwin;0;0;0;0;0;0
llvm-link;caml_sys_const_backend_type;0;0;0;0;0;0
llvm-link;caml_sys_get_config;3;3;0;0;80;80
llvm-link;caml_sys_read_directory;5;5;0;0;160;160
llvm-link;caml_sys_isatty;0;0;0;0;0;0
llvm-link;isatty;0;0;0;0;0;0
llvm-link;caml_sys_const_naked_pointers_checked;0;0;0;0;0;0
llvm-link;caml_get_global_data;0;0;0;0;0;0
llvm-link;caml_get_section_table;0;0;0;0;0;0
llvm-link;caml_reify_bytecode;12;12;0;0;320;320
llvm-link;caml_static_release_bytecode;0;0;0;0;0;0
llvm-link;caml_realloc_global;0;0;0;0;0;0
llvm-link;caml_get_current_environment;0;0;0;0;0;0
llvm-link;caml_invoke_traced_function;0;0;0;0;0;0
llvm-link;caml_parse_engine;0;0;0;0;0;0
llvm-link;fputs;0;0;0;0;0;0
llvm-link;fputc;0;0;0;0;0;0
llvm-link;caml_set_parser_trace;0;0;0;0;0;0
llvm-link;caml_gc_stat;2;2;0;0;72;72
llvm-link;caml_gc_quick_stat;2;2;0;0;72;72
llvm-link;caml_gc_minor_words_unboxed;0;0;0;0;0;0
llvm-link;caml_gc_minor_words;0;0;0;0;0;0
llvm-link;caml_gc_counters;2;2;0;0;72;72
llvm-link;caml_gc_huge_fallback_count;0;0;0;0;0;0
llvm-link;caml_gc_get;2;2;0;0;72;72
llvm-link;caml_gc_set;0;0;0;0;0;0
llvm-link;caml_gc_minor;0;0;0;0;0;0
llvm-link;caml_gc_major;0;0;0;0;0;0
llvm-link;caml_gc_full_major;0;0;0;0;0;0
llvm-link;caml_gc_major_slice;0;0;0;0;0;0
llvm-link;caml_gc_compaction;0;0;0;0;0;0
llvm-link;caml_get_minor_free;0;0;0;0;0;0
llvm-link;caml_get_major_bucket;0;0;0;0;0;0
llvm-link;caml_get_major_credit;0;0;0;0;0;0
llvm-link;caml_init_gc;0;0;0;0;0;0
llvm-link;caml_runtime_variant;0;0;0;0;0;0
llvm-link;caml_runtime_parameters;0;0;0;0;0;0
llvm-link;caml_ml_enable_runtime_warnings;0;0;0;0;0;0
llvm-link;caml_ml_runtime_warnings_enabled;0;0;0;0;0;0
llvm-link;caml_md5_string;1;0;0;0;88;0
llvm-link;caml_MD5Transform;0;0;0;0;0;0
llvm-link;caml_MD5Init;0;0;0;0;0;0
llvm-link;caml_MD5Update;0;0;0;0;0;0
llvm-link;caml_MD5Final;0;0;0;0;0;0
llvm-link;caml_md5_channel;2;0;0;0;4184;0
llvm-link;caml_md5_chan;3;3;0;0;80;80
llvm-link;caml_md5_block;1;0;0;0;88;0
llvm-link;caml_obj_tag;0;0;0;0;0;0
llvm-link;caml_obj_set_tag;0;0;0;0;0;0
llvm-link;caml_obj_raw_field;0;0;0;0;0;0
llvm-link;caml_obj_set_raw_field;0;0;0;0;0;0
llvm-link;caml_obj_make_forward;0;0;0;0;0;0
llvm-link;caml_obj_block;0;0;0;0;0;0
llvm-link;caml_obj_with_tag;5;5;0;0;152;152
llvm-link;caml_obj_dup;0;0;0;0;0;0
llvm-link;caml_obj_truncate;0;0;0;0;0;0
llvm-link;caml_obj_add_offset;0;0;0;0;0;0
llvm-link;caml_lazy_make_forward;4;4;0;0;144;144
llvm-link;caml_get_public_method;0;0;0;0;0;0
llvm-link;caml_set_oo_id;0;0;0;0;0;0
llvm-link;caml_fresh_oo_id;0;0;0;0;0;0
llvm-link;caml_int_as_pointer;0;0;0;0;0;0
llvm-link;caml_lex_engine;0;0;0;0;0;0
llvm-link;caml_new_lex_engine;0;0;0;0;0;0
llvm-link;caml_callbackN_exn;0;0;0;0;0;0
llvm-link;caml_callback_exn;1;0;0;0;8;0
llvm-link;caml_callback2_exn;1;0;0;0;16;0
llvm-link;caml_callback3_exn;1;0;0;0;24;0
llvm-link;caml_callback;1;0;0;0;8;0
llvm-link;caml_callback2;1;0;0;0;16;0
llvm-link;caml_callback3;1;0;0;0;24;0
llvm-link;caml_callbackN;0;0;0;0;0;0
llvm-link;caml_register_named_value;0;0;0;0;0;0
llvm-link;caml_named_value;0;0;0;0;0;0
llvm-link;caml_iterate_named_values;0;0;0;0;0;0
llvm-link;caml_debugger_init;0;0;0;0;0;0
llvm-link;unsetenv;0;0;0;0;0;0
llvm-link;strncpy;0;0;0;0;0;0
llvm-link;inet_addr;0;0;0;0;0;0
llvm-link;gethostbyname;0;0;0;0;0;0
llvm-link;llvm.bswap.i16;0;0;0;0;0;0
llvm-link;open_connection;0;0;0;0;0;0
llvm-link;socket;0;0;0;0;0;0
llvm-link;connect;0;0;0;0;0;0
llvm-link;caml_debugger_saved_instruction;1;0;0;0;8;0
llvm-link;caml_debugger_code_unloaded;0;0;0;0;0;0
llvm-link;caml_debugger;13;0;0;0;104;0
llvm-link;fork;0;0;0;0;0;0
llvm-link;wait;0;0;0;0;0;0
llvm-link;safe_output_value;1;1;0;0;200;200
llvm-link;__sigsetjmp;0;0;0;0;0;0
llvm-link;caml_debugger_cleanup_fork;0;0;0;0;0;0
llvm-link;caml_ephemeron_num_keys;0;0;0;0;0;0
llvm-link;caml_ephemeron_create;0;0;0;0;0;0
llvm-link;caml_ephe_create;0;0;0;0;0;0
llvm-link;caml_weak_create;0;0;0;0;0;0
llvm-link;caml_ephemeron_set_key;0;0;0;0;0;0
llvm-link;caml_ephe_set_key;0;0;0;0;0;0
llvm-link;caml_ephemeron_unset_key;0;0;0;0;0;0
llvm-link;caml_ephe_unset_key;0;0;0;0;0;0
llvm-link;caml_ephe_set_key_option;0;0;0;0;0;0
llvm-link;caml_weak_set;0;0;0;0;0;0
llvm-link;caml_ephemeron_set_data;0;0;0;0;0;0
llvm-link;caml_ephe_clean_partial;0;0;0;0;0;0
llvm-link;caml_ephe_set_data;0;0;0;0;0;0
llvm-link;caml_ephemeron_unset_data;0;0;0;0;0;0
llvm-link;caml_ephe_unset_data;0;0;0;0;0;0
llvm-link;caml_ephemeron_get_key;0;0;0;0;0;0
llvm-link;caml_ephe_get_key;4;3;0;0;88;80
llvm-link;caml_weak_get;4;3;0;0;88;80
llvm-link;caml_ephemeron_get_data;0;0;0;0;0;0
llvm-link;caml_ephe_get_data;3;3;0;0;80;80
llvm-link;caml_ephemeron_get_key_copy;2;2;0;0;72;72
llvm-link;caml_ephe_get_key_copy;4;3;0;0;88;80
llvm-link;caml_weak_get_copy;4;3;0;0;88;80
llvm-link;caml_ephemeron_get_data_copy;2;2;0;0;72;72
llvm-link;caml_ephe_get_data_copy;4;3;0;0;88;80
llvm-link;caml_ephemeron_key_is_set;0;0;0;0;0;0
llvm-link;caml_ephe_check_key;0;0;0;0;0;0
llvm-link;caml_weak_check;0;0;0;0;0;0
llvm-link;caml_ephemeron_data_is_set;0;0;0;0;0;0
llvm-link;caml_ephe_check_data;0;0;0;0;0;0
llvm-link;caml_ephemeron_blit_key;0;0;0;0;0;0
llvm-link;caml_ephe_blit_key;0;0;0;0;0;0
llvm-link;caml_weak_blit;0;0;0;0;0;0
llvm-link;caml_ephemeron_blit_data;0;0;0;0;0;0
llvm-link;caml_ephe_blit_data;0;0;0;0;0;0
llvm-link;caml_invert_root;0;0;0;0;0;0
llvm-link;caml_compact_heap;0;0;0;0;0;0
llvm-link;do_compaction;0;0;0;0;0;0
llvm-link;caml_compact_heap_maybe;0;0;0;0;0;0
llvm-link;caml_final_update_mark_phase;0;0;0;0;0;0
llvm-link;generic_final_update;0;0;0;0;0;0
llvm-link;caml_final_update_clean_phase;0;0;0;0;0;0
llvm-link;caml_final_do_calls_exn;0;0;0;0;0;0
llvm-link;caml_final_do_roots;0;0;0;0;0;0
llvm-link;caml_final_invert_finalisable_values;0;0;0;0;0;0
llvm-link;caml_final_oldify_young_roots;0;0;0;0;0;0
llvm-link;caml_final_update_minor_roots;0;0;0;0;0;0
llvm-link;caml_final_empty_young;0;0;0;0;0;0
llvm-link;caml_final_register;0;0;0;0;0;0
llvm-link;generic_final_register;0;0;0;0;0;0
llvm-link;caml_final_register_called_without_value;0;0;0;0;0;0
llvm-link;caml_final_release;0;0;0;0;0;0
llvm-link;caml_final_invariant_check;0;0;0;0;0;0
llvm-link;caml_alloc_custom;0;0;0;0;0;0
llvm-link;alloc_custom_gen;2;2;0;0;72;72
llvm-link;caml_alloc_custom_mem;0;0;0;0;0;0
llvm-link;caml_register_custom_operations;0;0;0;0;0;0
llvm-link;caml_find_custom_operations;0;0;0;0;0;0
llvm-link;caml_final_custom_operations;0;0;0;0;0;0
llvm-link;caml_init_custom_operations;0;0;0;0;0;0
llvm-link;caml_build_primitive_table;1;1;0;0;144;144
llvm-link;caml_build_primitive_table_builtin;0;0;0;0;0;0
llvm-link;caml_free_shared_libs;0;0;0;0;0;0
llvm-link;caml_dynlink_open_lib;0;0;0;0;0;0
llvm-link;caml_dynlink_close_lib;0;0;0;0;0;0
llvm-link;caml_dynlink_lookup_symbol;0;0;0;0;0;0
llvm-link;caml_dynlink_add_primitive;0;0;0;0;0;0
llvm-link;caml_dynlink_get_current_libs;2;2;0;0;72;72
llvm-link;caml_setup_afl;7;1;0;0;32;4
llvm-link;shmat;0;0;0;0;0;0
llvm-link;write;0;0;0;0;0;0
llvm-link;waitpid;0;0;0;0;0;0
llvm-link;kill;0;0;0;0;0;0
llvm-link;caml_reset_afl_instrumentation;0;0;0;0;0;0
llvm-link;caml_read_fd;0;0;0;0;0;0
llvm-link;caml_write_fd;0;0;0;0;0;0
llvm-link;caml_decompose_path;0;0;0;0;0;0
llvm-link;caml_search_in_path;1;1;0;0;144;144
llvm-link;caml_search_exe_in_path;1;0;0;0;16;0
llvm-link;caml_search_dll_in_path;0;0;0;0;0;0
llvm-link;caml_dlopen;0;0;0;0;0;0
llvm-link;dlopen;0;0;0;0;0;0
llvm-link;caml_dlclose;0;0;0;0;0;0
llvm-link;dlclose;0;0;0;0;0;0
llvm-link;caml_dlsym;0;0;0;0;0;0
llvm-link;dlsym;0;0;0;0;0;0
llvm-link;caml_globalsym;0;0;0;0;0;0
llvm-link;caml_dlerror;0;0;0;0;0;0
llvm-link;dlerror;0;0;0;0;0;0
llvm-link;caml_read_directory;0;0;0;0;0;0
llvm-link;opendir;0;0;0;0;0;0
llvm-link;readdir64;0;0;0;0;0;0
llvm-link;closedir;0;0;0;0;0;0
llvm-link;caml_executable_name;1;1;0;0;144;144
llvm-link;readlink;0;0;0;0;0;0
llvm-link;caml_secure_getenv;0;0;0;0;0;0
llvm-link;secure_getenv;0;0;0;0;0;0
llvm-link;caml_num_rows_fd;1;1;0;0;8;8
llvm-link;ioctl;0;0;0;0;0;0
llvm-link;caml_ba_finalize;0;0;0;0;0;0
llvm-link;caml_ba_compare;0;0;0;0;0;0
llvm-link;caml_ba_hash;0;0;0;0;0;0
llvm-link;caml_ba_serialize;0;0;0;0;0;0
llvm-link;caml_ba_deserialize;0;0;0;0;0;0
llvm-link;caml_ba_num_elts;0;0;0;0;0;0
llvm-link;caml_ba_byte_size;0;0;0;0;0;0
llvm-link;caml_ba_alloc;1;1;0;0;128;128
llvm-link;caml_ba_alloc_dims;2;1;0;0;152;24
llvm-link;caml_ba_create;1;0;0;0;128;0
llvm-link;caml_ba_get_N;1;0;0;0;128;0
llvm-link;caml_ba_get_1;1;0;0;0;8;0
llvm-link;caml_ba_get_2;1;0;0;0;16;0
llvm-link;caml_ba_get_3;1;0;0;0;24;0
llvm-link;caml_ba_get_generic;0;0;0;0;0;0
llvm-link;caml_ba_uint8_get16;0;0;0;0;0;0
llvm-link;caml_ba_uint8_get32;0;0;0;0;0;0
llvm-link;caml_ba_uint8_get64;0;0;0;0;0;0
llvm-link;caml_ba_set_1;1;0;0;0;8;0
llvm-link;caml_ba_set_aux;1;0;0;0;128;0
llvm-link;caml_ba_set_2;1;0;0;0;16;0
llvm-link;caml_ba_set_3;1;0;0;0;24;0
llvm-link;caml_ba_set_N;0;0;0;0;0;0
llvm-link;caml_ba_set_generic;0;0;0;0;0;0
llvm-link;caml_ba_uint8_set16;0;0;0;0;0;0
llvm-link;caml_ba_uint8_set32;0;0;0;0;0;0
llvm-link;caml_ba_uint8_set64;0;0;0;0;0;0
llvm-link;caml_ba_num_dims;0;0;0;0;0;0
llvm-link;caml_ba_dim;0;0;0;0;0;0
llvm-link;caml_ba_dim_1;0;0;0;0;0;0
llvm-link;caml_ba_dim_2;0;0;0;0;0;0
llvm-link;caml_ba_dim_3;0;0;0;0;0;0
llvm-link;caml_ba_kind;0;0;0;0;0;0
llvm-link;caml_ba_layout;0;0;0;0;0;0
llvm-link;caml_ba_slice;6;6;0;0;280;280
llvm-link;caml_ba_change_layout;6;6;0;0;280;280
llvm-link;caml_ba_sub;6;6;0;0;160;160
llvm-link;caml_ba_blit;3;3;0;0;80;80
llvm-link;caml_ba_fill;2;2;0;0;72;72
llvm-link;caml_ba_reshape;6;5;0;0;280;152
llvm-link;main;0;0;0;0;0;0
llvm-link;th_ctx_iter_default;0;0;0;0;0;0
llvm-link;caml_memprof_set_suspended;0;0;0;0;0;0
llvm-link;rand_geom;0;0;0;0;0;0
llvm-link;caml_memprof_renew_minor_sample;0;0;0;0;0;0
llvm-link;caml_memprof_handle_postponed_exn;0;0;0;0;0;0
llvm-link;caml_memprof_oldify_young_roots;1;1;0;0;16;16
llvm-link;entry_array_oldify_young_roots;0;0;0;0;0;0
llvm-link;call_on_entry_array;0;0;0;0;0;0
llvm-link;caml_memprof_minor_update;1;1;0;0;16;16
llvm-link;entry_array_minor_update;0;0;0;0;0;0
llvm-link;caml_memprof_do_roots;1;1;0;0;16;16
llvm-link;entry_array_do_roots;0;0;0;0;0;0
llvm-link;caml_memprof_update_clean_phase;1;1;0;0;16;16
llvm-link;entry_array_clean_phase;0;0;0;0;0;0
llvm-link;caml_memprof_invert_tracked;1;1;0;0;16;16
llvm-link;entry_array_invert;0;0;0;0;0;0
llvm-link;caml_memprof_track_alloc_shr;0;0;0;0;0;0
llvm-link;caml_memprof_track_custom;0;0;0;0;0;0
llvm-link;caml_memprof_track_young;0;0;0;0;0;0
llvm-link;caml_memprof_track_interned;0;0;0;0;0;0
llvm-link;caml_memprof_start;4;4;0;0;88;88
llvm-link;caml_memprof_stop;0;0;0;0;0;0
llvm-link;th_ctx_memprof_stop;0;0;0;0;0;0
llvm-link;caml_memprof_new_th_ctx;0;0;0;0;0;0
llvm-link;caml_memprof_delete_th_ctx;0;0;0;0;0;0
llvm-link;caml_memprof_leave_thread;0;0;0;0;0;0
llvm-link;caml_memprof_enter_thread;0;0;0;0;0;0
llvm-link;caml_init_domain;0;0;0;0;0;0
llvm-link;caml_skiplist_init;0;0;0;0;0;0
llvm-link;caml_skiplist_find;0;0;0;0;0;0
llvm-link;caml_skiplist_find_below;0;0;0;0;0;0
llvm-link;caml_skiplist_insert;1;0;0;0;136;0
llvm-link;caml_skiplist_remove;1;0;0;0;136;0
llvm-link;caml_skiplist_empty;0;0;0;0;0;0
llvm-link;caml_register_code_fragment;0;0;0;0;0;0
llvm-link;caml_remove_code_fragment;0;0;0;0;0;0
llvm-link;caml_find_code_fragment_by_pc;2;0;0;0;16;0
llvm-link;caml_find_code_fragment_by_num;1;0;0;0;8;0
llvm-link;caml_digest_of_code_fragment;0;0;0;0;0;0
llvm-link;caml_find_code_fragment_by_digest;0;0;0;0;0;0
llvm-link;bcmp;0;0;0;0;0;0
llvm-link;caml_interprete;2;2;0;0;208;208
llvm-link;caml_gc_message;1;1;0;0;24;24
llvm-link;vfprintf;0;0;0;0;0;0
llvm-link;fflush;0;0;0;0;0;0
llvm-link;caml_fatal_error;1;1;0;0;24;24
llvm-link;caml_ext_table_init;0;0;0;0;0;0
llvm-link;caml_ext_table_add;0;0;0;0;0;0
llvm-link;caml_ext_table_remove;0;0;0;0;0;0
llvm-link;caml_ext_table_clear;0;0;0;0;0;0
llvm-link;caml_ext_table_free;0;0;0;0;0;0
llvm-link;caml_runtime_warnings_active;0;0;0;0;0;0
llvm-link;caml_init_code_fragments;0;0;0;0;0;0
llvm-link;caml_load_code;0;0;0;0;0;0
llvm-link;caml_init_opcode_nargs;0;0;0;0;0;0
llvm-link;caml_thread_code;0;0;0;0;0;0
llvm-link;caml_set_instruction;0;0;0;0;0;0
llvm-link;caml_is_instruction;0;0;0;0;0;0
llvm-link;caml_init_atom_table;1;0;0;0;8;0
llvm-link;caml_parse_ocamlrunparam;36;36;0;0;90;90
llvm-link;__isoc99_sscanf;0;0;0;0;0;0
llvm-link;caml_startup_aux;0;0;0;0;0;0
llvm-link;caml_shutdown;0;0;0;0;0;0
llvm-link;caml_attempt_open;1;0;0;0;2;0
llvm-link;puts;0;0;0;0;0;0
llvm-link;strncmp;0;0;0;0;0;0
llvm-link;caml_read_section_descriptors;0;0;0;0;0;0
llvm-link;caml_seek_optional_section;0;0;0;0;0;0
llvm-link;caml_seek_section;0;0;0;0;0;0
llvm-link;caml_main;2;0;0;0;32;0
llvm-link;error;1;1;0;0;24;24
llvm-link;caml_startup_code_exn;0;0;0;0;0;0
llvm-link;caml_startup_code;0;0;0;0;0;0
llvm-link;nf_allocate;0;0;0;0;0;0
llvm-link;nf_init_merge;0;0;0;0;0;0
llvm-link;nf_merge_block;0;0;0;0;0;0
llvm-link;nf_add_blocks;0;0;0;0;0;0
llvm-link;nf_make_free_blocks;0;0;0;0;0;0
llvm-link;caml_set_allocation_policy;0;0;0;0;0;0
llvm-link;bf_allocate;0;0;0;0;0;0
llvm-link;ff_allocate;1;0;0;0;8000;0
llvm-link;bf_init_merge;0;0;0;0;0;0
llvm-link;ff_init_merge;0;0;0;0;0;0
llvm-link;bf_reset;0;0;0;0;0;0
llvm-link;ff_reset;0;0;0;0;0;0
llvm-link;nf_reset;0;0;0;0;0;0
llvm-link;bf_merge_block;0;0;0;0;0;0
llvm-link;ff_merge_block;0;0;0;0;0;0
llvm-link;bf_add_blocks;0;0;0;0;0;0
llvm-link;ff_add_blocks;0;0;0;0;0;0
llvm-link;bf_make_free_blocks;0;0;0;0;0;0
llvm-link;ff_make_free_blocks;0;0;0;0;0;0
llvm-link;bf_insert_block;2;0;0;0;16;0
llvm-link;bf_remove;1;0;0;0;8;0
llvm-link;llvm.cttz.i32;0;0;0;0;0;0
llvm-link;bf_allocate_from_tree;1;0;0;0;8;0
llvm-link;caml_fl_reset_and_switch_policy;0;0;0;0;0;0
llvm-link;ff_init;0;0;0;0;0;0
llvm-link;bf_init;0;0;0;0;0;0
llvm-link;nf_init;0;0;0;0;0;0
llvm-link;caml_darken;0;0;0;0;0;0
llvm-link;mark_stack_push;3;1;0;0;160;144
llvm-link;caml_shrink_mark_stack;0;0;0;0;0;0
llvm-link;caml_major_collection_slice;0;0;0;0;0;0
llvm-link;llvm.minnum.f64;0;0;0;0;0;0
llvm-link;mark_slice;1;1;0;0;8;8
llvm-link;clean_slice;0;0;0;0;0;0
llvm-link;sweep_slice;0;0;0;0;0;0
llvm-link;mark_slice_darken;0;0;0;0;0;0
llvm-link;caml_finish_major_cycle;0;0;0;0;0;0
llvm-link;caml_clip_heap_chunk_wsz;0;0;0;0;0;0
llvm-link;caml_init_major_heap;0;0;0;0;0;0
llvm-link;caml_set_major_window;0;0;0;0;0;0
llvm-link;caml_finalise_heap;0;0;0;0;0;0
llvm-link;caml_alloc_minor_tables;0;0;0;0;0;0
llvm-link;caml_alloc_table;0;0;0;0;0;0
llvm-link;caml_alloc_ephe_table;0;0;0;0;0;0
llvm-link;caml_alloc_custom_table;0;0;0;0;0;0
llvm-link;caml_set_minor_heap_size;1;0;0;0;8;0
llvm-link;caml_empty_minor_heap;0;0;0;0;0;0
llvm-link;caml_oldify_one;0;0;0;0;0;0
llvm-link;caml_oldify_mopup;0;0;0;0;0;0
llvm-link;caml_gc_dispatch;0;0;0;0;0;0
llvm-link;caml_alloc_small_dispatch;0;0;0;0;0;0
llvm-link;caml_check_urgent_gc;2;2;0;0;72;72
llvm-link;caml_minor_collection;0;0;0;0;0;0
llvm-link;caml_realloc_ref_table;0;0;0;0;0;0
llvm-link;realloc_generic_table;0;0;0;0;0;0
llvm-link;caml_realloc_ephe_ref_table;0;0;0;0;0;0
llvm-link;caml_realloc_custom_table;0;0;0;0;0;0
llvm-link;caml_oldify_local_roots;0;0;0;0;0;0
llvm-link;caml_darken_all_roots_start;0;0;0;0;0;0
llvm-link;caml_do_roots;0;0;0;0;0;0
llvm-link;caml_darken_all_roots_slice;0;0;0;0;0;0
llvm-link;caml_do_local_roots_byt;0;0;0;0;0;0
llvm-link;caml_register_global_root;0;0;0;0;0;0
llvm-link;caml_remove_global_root;0;0;0;0;0;0
llvm-link;caml_register_generational_global_root;0;0;0;0;0;0
llvm-link;caml_remove_generational_global_root;0;0;0;0;0;0
llvm-link;caml_modify_generational_global_root;0;0;0;0;0;0
llvm-link;caml_scan_global_roots;0;0;0;0;0;0
llvm-link;caml_scan_global_young_roots;0;0;0;0;0;0
llvm-link;caml_add_debug_info;2;2;0;0;72;72
llvm-link;process_debug_events;6;6;0;0;160;160
llvm-link;cmp_ev_info;0;0;0;0;0;0
llvm-link;qsort;0;0;0;0;0;0
llvm-link;caml_remove_debug_info;3;3;0;0;80;80
llvm-link;caml_alloc_backtrace_buffer;0;0;0;0;0;0
llvm-link;caml_stash_backtrace;0;0;0;0;0;0
llvm-link;caml_next_frame_pointer;0;0;0;0;0;0
llvm-link;caml_collect_current_callstack;0;0;0;0;0;0
llvm-link;caml_init_debug_info;2;2;0;0;72;72
llvm-link;caml_load_main_debug_info;0;0;0;0;0;0
llvm-link;read_main_debug_info;6;4;0;0;120;88
llvm-link;caml_debug_info_available;0;0;0;0;0;0
llvm-link;caml_debug_info_status;0;0;0;0;0;0
llvm-link;caml_debuginfo_location;0;0;0;0;0;0
llvm-link;caml_debuginfo_extract;0;0;0;0;0;0
llvm-link;caml_debuginfo_next;0;0;0;0;0;0
